"Id","TitleId","RealName","CharacterName","Role"
"1","9","Erin Beatty","Alice Champlin","Screenwriter"
"2","34","Monty Feest","Saul Ebert","Production Designer"
"3","137","Charlotte Kshlerin","Tessie Schumm","Director"
"4","138","Hallie Koch","Alexys Goyette","Screenwriter"
"5","143","Maximillian Watsica","Shaina Wisozk","Actor"
"6","35","Stephan Buckridge","Shayne Blanda","Film Editor"
"7","8","Malachi West","Ollie Senger","Screenwriter"
"8","11","Guiseppe Okuneva","Annetta Hessel","Film Editor"
"9","172","Maye Grant","Maryse Feest","Cinematographer"
"10","140","Jack Hansen","Maurice Collier","Film Editor"
"11","124","Delta Bahringer","Elenora Barton","Costume Designer"
"12","70","Bertram Denesik","Makenna Kessler","Screenwriter"
"13","140","Tianna Corwin","Retta Abbott","Production Designer"
"14","166","Leonora Marvin","Alden McClure","Cinematographer"
"15","146","Kyleigh Hilpert","Josephine Ratke","Producer"
"16","40","Lupe Green","Judd Kunde","Music Composer"
"17","107","Luz Beatty","Mavis Funk","Actress"
"18","100","Ludwig Mitchell","Emmet Langworth","Cinematographer"
"19","194","Audie O'Connell","Cheyenne Feeney","Music Composer"
"20","76","Kody Hoeger","Bartholome Balistreri","Actor"
"21","50","Felix Crist","Daren Simonis","Cinematographer"
"22","107","Rafael Collier","Alfredo Schmeler","Cinematographer"
"23","54","Mozell Ratke","Harmon Emmerich","Production Designer"
"24","22","Sydney Baumbach","Judah Zemlak","Actress"
"25","32","Stuart Fritsch","Erna Rosenbaum","Production Designer"
"26","135","Camila Miller","Tommie Hudson","Screenwriter"
"27","39","Garry McLaughlin","Zackery Von","Cinematographer"
"28","158","Tamia Christiansen","Charlene Klocko","Film Editor"
"29","182","Eliza Rau","Eloisa Douglas","Producer"
"30","183","Kennedy Murray","Anne Ortiz","Costume Designer"
"31","160","Donny Roberts","Candice Kris","Film Editor"
"32","28","Tony Blick","Arlo McClure","Music Composer"
"33","116","Reta McKenzie","Mohammed Pfannerstill","Film Editor"
"34","118","Odell Koss","Boris Heathcote","Actress"
"35","28","Lou Kassulke","Perry Hickle","Film Editor"
"36","191","Arielle Bailey","Herminia Gutmann","Cinematographer"
"37","140","Boyd Murphy","Nichole Klocko","Producer"
"38","154","Daphne Gutmann","Kobe Rau","Cinematographer"
"39","152","Felicity Bogan","Sheldon Wintheiser","Costume Designer"
"40","9","Winfield Cole","Carol Rippin","Music Composer"
"41","99","Ali Wehner","Morgan Jaskolski","Director"
"42","137","Yolanda Breitenberg","Taurean Ratke","Screenwriter"
"43","161","Vincent Rutherford","Laverne Weissnat","Cinematographer"
"44","13","Lou Kiehn","Jared Collier","Actor"
"45","126","Elvie Rodriguez","Harley Dooley","Producer"
"46","159","Jedediah Parker","Dariana Goyette","Producer"
"47","113","Corene Pacocha","Cheyenne Moen","Screenwriter"
"48","129","Rylan Pfannerstill","Emerson Stehr","Producer"
"49","20","Mae Rohan","Helmer O'Keefe","Film Editor"
"50","17","Guy Brakus","Nick Kirlin","Actor"
"51","34","Bonnie Sawayn","Kenneth Reichel","Music Composer"
"52","166","Kraig O'Reilly","Whitney Nienow","Costume Designer"
"53","79","Camren Wolf","Marilie Toy","Director"
"54","37","Gregg Green","Quentin Nicolas","Actor"
"55","188","Antonia Howe","Kaitlyn Larkin","Actor"
"56","154","Barrett Harber","Lera Buckridge","Costume Designer"
"57","167","Myrtie Satterfield","Dan Oberbrunner","Producer"
"58","88","Bertrand Schoen","Isai Doyle","Film Editor"
"59","114","Addison Boyer","Dianna Cartwright","Production Designer"
"60","86","Anais Schinner","Tommie Hudson","Producer"
"61","27","Ryley Runolfsdottir","Geovanny Schiller","Production Designer"
"62","97","Kaitlin Ziemann","Bret Frami","Costume Designer"
"63","24","Keyshawn Bartell","Earlene Bode","Costume Designer"
"64","108","Estel Hermann","Devin White","Cinematographer"
"65","70","Armand Lynch","Joany Pacocha","Actor"
"66","53","Coby Gutkowski","Geovanni Kovacek","Film Editor"
"67","126","Tyreek Renner","Antonetta Ernser","Costume Designer"
"68","173","Norene Daugherty","Kareem Kshlerin","Costume Designer"
"69","23","Lucienne Cremin","Adolfo Miller","Actor"
"70","139","Syble Heathcote","Bryon Emard","Costume Designer"
"71","32","Sheridan Muller","Justus Kuhic","Music Composer"
"72","39","Monserrate Flatley","Wilmer Skiles","Film Editor"
"73","196","Jadyn Leffler","Heaven Nienow","Music Composer"
"74","148","Maci Hessel","Fae Boyle","Music Composer"
"75","49","Jordyn Hahn","Afton Brown","Director"
"76","102","Jena Stark","Erwin Bode","Production Designer"
"77","84","Amira Beahan","Jordi Collins","Music Composer"
"78","102","Santino Veum","Henderson Weissnat","Director"
"79","184","Ryleigh Smith","Percy Carroll","Production Designer"
"80","50","Jeff Batz","Axel Kshlerin","Costume Designer"
"81","99","Cleo Schneider","Cristina Kutch","Costume Designer"
"82","10","Tianna Herzog","Ted Legros","Producer"
"83","97","Aleen Zboncak","Raven Mitchell","Director"
"84","151","Brooks Zulauf","Isom Hayes","Screenwriter"
"85","154","Petra Blick","Felipe Hegmann","Cinematographer"
"86","198","Nicholaus Lowe","Jarvis West","Cinematographer"
"87","126","Andy Langosh","Raul Trantow","Cinematographer"
"88","193","Esmeralda Murazik","Harrison Hand","Music Composer"
"89","110","Reba Hahn","Guido Mayer","Cinematographer"
"90","165","Shawn Stracke","Joshuah Parker","Music Composer"
"91","187","Toy Connelly","Sigmund Shanahan","Producer"
"92","84","Thomas Hammes","Mckayla Luettgen","Film Editor"
"93","40","Theodora King","Anastacio Hackett","Actress"
"94","199","Madonna Bruen","Einar Herman","Music Composer"
"95","133","Shaun Lueilwitz","Laron Carroll","Production Designer"
"96","36","Claud Toy","Edwardo Rosenbaum","Cinematographer"
"97","20","Precious Klein","Floyd Mann","Production Designer"
"98","182","Hilma O'Keefe","Bartholome Huel","Actress"
"99","137","Ora Cummerata","Torrance Aufderhar","Production Designer"
"100","24","Joyce Lebsack","Mazie Sipes","Actress"
"101","193","Jacky Watsica","Celia Barton","Actress"
"102","31","Maximillian Leuschke","Blanche Dickens","Music Composer"
"103","36","Dayton Gerlach","Savannah Boyle","Production Designer"
"104","34","Kim Marks","Aryanna Bergstrom","Cinematographer"
"105","39","Curt Conn","Andres Collier","Production Designer"
"106","115","Vivien Lubowitz","Trisha Rice","Producer"
"107","5","Marie Huels","Darrion Rice","Costume Designer"
"108","107","Edward Ward","Maymie Wolff","Costume Designer"
"109","156","Arnold Greenfelder","Edna Littel","Music Composer"
"110","7","Selina Weimann","Ida Lakin","Production Designer"
"111","17","Maribel Hegmann","Jorge Lind","Producer"
"112","22","Orville Harvey","Margaret Volkman","Actor"
"113","103","Demarco Durgan","Willow Leuschke","Film Editor"
"114","103","Eveline Thompson","Frida O'Conner","Actress"
"115","192","Elsie Toy","Clyde Kassulke","Screenwriter"
"116","190","Clotilde Boehm","Jaydon Stokes","Screenwriter"
"117","119","Lilliana Hirthe","Rylee Strosin","Production Designer"
"118","122","Domenica Lubowitz","Rachel D'Amore","Costume Designer"
"119","104","Eldridge Bins","Leonie Torp","Music Composer"
"120","9","Maryjane Greenholt","Lurline Jerde","Cinematographer"
"121","80","Mazie Hettinger","Winfield Walter","Actress"
"122","52","Marianna Hilpert","Adele Adams","Production Designer"
"123","21","Marshall Ritchie","Myrtice Bayer","Actor"
"124","6","Cortney Gulgowski","Desmond Volkman","Costume Designer"
"125","72","Keegan Hand","Brittany Murray","Music Composer"
"126","32","Kenya Effertz","Buck Luettgen","Actor"
"127","187","Elena Flatley","Hunter Bahringer","Screenwriter"
"128","1","Sienna Rath","Conrad Greenfelder","Producer"
"129","35","Tiffany Larson","Ada Price","Costume Designer"
"130","41","Otto Green","Shirley Goodwin","Screenwriter"
"131","57","Ignatius Rutherford","Verlie Nader","Producer"
"132","61","Bernadette Buckridge","Sammie Strosin","Producer"
"133","1","Stacy Legros","Herminio Runolfsdottir","Producer"
"134","99","D'angelo Bechtelar","Isaac Stamm","Producer"
"135","4","Ethan Stracke","Tremaine Flatley","Music Composer"
"136","22","Lambert O'Reilly","Madelyn Gulgowski","Director"
"137","145","Jadyn Hammes","Triston Stiedemann","Music Composer"
"138","111","Gregory Feest","Fabian Tromp","Director"
"139","168","Ellis Will","Anita Kuphal","Screenwriter"
"140","182","Jennie Howe","Samanta Sauer","Production Designer"
"141","75","Darian Koch","Coralie Schroeder","Screenwriter"
"142","164","Kiley Bauch","Alexandre Lebsack","Production Designer"
"143","60","Hosea Hamill","Javier Bins","Producer"
"144","141","Cyrus Hayes","Isabel Windler","Director"
"145","19","Arch Heathcote","Wallace Walter","Actress"
"146","170","Noah MacGyver","Anne Price","Producer"
"147","170","Nicolette Walsh","Charley Bernier","Production Designer"
"148","8","Loma Bashirian","Chaz Bradtke","Music Composer"
"149","110","Lavada Bergstrom","Gerard West","Production Designer"
"150","88","Cody King","Jarvis Wolf","Production Designer"
"151","186","Buford Gorczany","Blanca Kozey","Cinematographer"
"152","163","Emma Bauch","Elody Hodkiewicz","Costume Designer"
"153","1","Elvera Hickle","Bradly Medhurst","Producer"
"154","140","Hazle Bernier","Brionna Collins","Music Composer"
"155","96","Tania Doyle","Myrtis Fritsch","Cinematographer"
"156","197","Randy Roob","Tobin Rolfson","Producer"
"157","190","Bryana Hoppe","Kayleigh Braun","Costume Designer"
"158","177","Juana Hahn","Amanda Bins","Cinematographer"
"159","49","Manuel Will","Josefa Pouros","Film Editor"
"160","18","Sarai O'Kon","Laurie Wolf","Production Designer"
"161","94","Elena Trantow","Cleve Kihn","Production Designer"
"162","43","Rebeka Bashirian","Lenora Tromp","Cinematographer"
"163","40","Ariel MacGyver","Delphia Kohler","Actor"
"164","55","Erna Weissnat","Antoinette Reichel","Director"
"165","39","Valentine Bruen","Bernadette Schoen","Screenwriter"
"166","199","Freddie Jones","Creola Lockman","Screenwriter"
"167","113","Lloyd Dibbert","Bryana Little","Costume Designer"
"168","2","Jaclyn Bartell","Caleb Hahn","Costume Designer"
"169","160","Domenica Lynch","Kieran Champlin","Screenwriter"
"170","38","Randall Friesen","Vada Dietrich","Production Designer"
"171","73","Willy Fritsch","Ivah Mayert","Actress"
"172","174","Jeramie Hahn","Nickolas Daugherty","Costume Designer"
"173","13","Lessie Funk","Ona Pouros","Music Composer"
"174","189","Rosamond Beer","Gregg Kutch","Actor"
"175","60","Aron Carter","Pat Kutch","Film Editor"
"176","50","Joelle Bruen","Harmony Mayer","Producer"
"177","75","Rose Gutkowski","Fanny Mertz","Actor"
"178","54","Shanie Schimmel","Alexie Kuphal","Director"
"179","187","Ida Swift","Graham Hirthe","Producer"
"180","100","Shanel Pfannerstill","Reyna Walsh","Costume Designer"
"181","45","Velma Thompson","Greta Grimes","Costume Designer"
"182","189","Estevan Parker","Emory Spencer","Production Designer"
"183","133","Lamar Cronin","Magdalena Walker","Director"
"184","197","Sebastian Roob","Naomi O'Reilly","Director"
"185","141","Chet Fisher","Thaddeus Flatley","Costume Designer"
"186","24","Orie Romaguera","Jevon Kiehn","Music Composer"
"187","132","Zola Oberbrunner","Alda Lind","Cinematographer"
"188","108","Hal Waelchi","Paul Homenick","Film Editor"
"189","144","Stevie Franecki","Juliana Runolfsdottir","Producer"
"190","117","Arvid Bergstrom","Earnestine Haag","Screenwriter"
"191","69","Alberta Weber","Joyce Mayert","Film Editor"
"192","104","Filiberto Krajcik","Pearline Jacobi","Actress"
"193","61","Elroy Turcotte","Amely VonRueden","Production Designer"
"194","127","Alessandra Hettinger","Okey Hessel","Cinematographer"
"195","41","Rashawn Larson","Torey O'Hara","Production Designer"
"196","64","Stewart Runolfsdottir","Destany Runolfsson","Screenwriter"
"197","65","Wilbert VonRueden","Brionna Kreiger","Production Designer"
"198","187","Sister Swift","Webster Kris","Director"
"199","65","Sally McKenzie","Arjun Anderson","Costume Designer"
"200","111","Sheridan Bayer","General Brown","Screenwriter"
