"Id","Title","Description","ReleaseYear","Certification","Runtime","Country","Seasons","Genres"
"1","Dolor quaerat minus voluptatum et reiciendis rerum qui tenetur minus.","Quod animi placeat qui vel.
Omnis eveniet in consequatur est omnis sed.
Soluta quis ut.
A rerum dicta.
Ipsa voluptas qui beatae quibusdam magnam eum quis placeat.","840","TV-MA","823","BRB","48","labore, blanditiis, aut, consectetur, aperiam"
"2","Porro numquam fugiat reiciendis repudiandae magnam vero quam exercitationem.","Quidem tempore id consequuntur qui beatae tempora unde qui sint.
Aliquam sunt veritatis quis dignissimos quasi ipsum necessitatibus rerum architecto.
Tenetur delectus blanditiis a aliquid voluptatem occaecati.","1412","AL","369","SVN","24","hic, et, alias, et, nobis"
"3","Possimus alias quam similique praesentium autem delectus et sit assumenda.","Ipsa aperiam dicta.
Molestiae mollitia ducimus quaerat perferendis maiores.
Dolor ipsum tenetur eius minus expedita pariatur et dolores.
Reiciendis veritatis nisi aut ea non velit fugit laudantium reiciendis.
Doloremque soluta cupiditate error laudantium ipsa quia impedit corrupti.
Molestiae eum suscipit est non.","418","M","578","GRC","45","eligendi, quisquam, voluptatem, perferendis, illo"
"4","Ex fuga quam qui.","Minus earum dolorem enim.
Impedit mollitia sit sequi ut aperiam eveniet aut laudantium asperiores.
Laborum voluptatem qui ducimus sapiente esse ea aperiam ut exercitationem.
Quis voluptatem fugit.
Dolore animi velit.","1228","15A","623","PAN","46","aut, neque, magni, non, voluptatem"
"5","Qui doloribus ut odit dolores voluptas iure aut id.","Dolores dolorum eaque ut deserunt dolorem omnis dolor officiis temporibus.
Vero dolore aperiam dolor nostrum ut quia ipsa et.
Consectetur mollitia omnis deserunt ut ut vel eligendi sit et.
Quae earum in aut tenetur.","1629","R21","428","CHE","14","nobis, ut, laborum, autem, inventore"
"6","Cum minus voluptas quod voluptate.","Quia nesciunt numquam earum temporibus.
Sunt minima dignissimos molestiae et repudiandae omnis expedita quidem.
Et non necessitatibus eum.","1769","M","219","IRN","2","quae, qui, quos, asperiores, qui"
"7","Non molestiae inventore odit consequuntur sit cumque velit.","Voluptas unde consequatur maxime ea repudiandae cum consequatur ut.
Nihil laborum accusantium ut et aut repudiandae explicabo ullam.
Dolorem eum possimus facilis culpa asperiores aut quidem magnam quibusdam.","1437","GP","26","SGP","3","sapiente, et, qui, minus, culpa"
"8","Illum inventore dignissimos qui cupiditate repellendus et est deleniti.","Explicabo distinctio velit dolores sint labore dolore vel non.
Dolores rerum sequi sed.
Minus a nobis quis suscipit excepturi magni sunt aperiam totam.
Ipsam rerum sint at.
Et amet architecto asperiores voluptatem et aut.
Vero quibusdam sapiente.","634","R21","329","FSM","32","libero, dolores, possimus, eos, ut"
"9","Cum eaque laboriosam quisquam est quo.","Modi excepturi pariatur facere commodi dolore rerum quo.
Dolores non dolore tempore ea quasi dolorem.
Molestiae suscipit ut et excepturi dolore dignissimos aspernatur.
Modi doloribus itaque in eligendi nemo.","745","PG","679","VEN","16","voluptatem, eos, molestiae, tempora, dolorem"
"10","A ratione doloribus tenetur maiores iusto in et.","Unde facere explicabo non nostrum architecto rerum rerum.
Libero aut quis.","513","9","757","SLB","30","aut, officia, velit, eligendi, quia"
"11","Blanditiis inventore saepe odit sit possimus vitae.","Enim totam dolorem provident consequatur iusto vel.
Ad aut quibusdam nam aut.
Saepe voluptas omnis debitis assumenda inventore.
Eos illo quasi.","561","E","760","SWZ","29","adipisci, occaecati, recusandae, repudiandae, voluptatibus"
"12","Tenetur tenetur suscipit illum aut.","Rerum dolores distinctio incidunt eius hic culpa dolore dolorem voluptas.
Deleniti doloremque eveniet quas velit exercitationem porro fugit enim.
Sed tempora aut qui dolorum porro atque explicabo nihil.
Ex et sit ducimus enim deserunt voluptate.
Sit dolorum aut in.","472","X18","551","BTN","6","quia, atque, accusantium, facere, vero"
"13","Numquam omnis ut aut.","Veritatis et ipsa est et qui nemo.
Illo officiis impedit.
Ut veniam quam perferendis non animi aliquid sit.
Autem aut iure molestiae cupiditate eaque est quam similique.","474","C","296","ALB","43","omnis, distinctio, consectetur, accusamus, hic"
"14","Voluptas et sed cupiditate a dolorum unde ea provident.","Facilis tempora tempora dolorem fuga quo vero ad ducimus odit.
Nostrum eum officia vel enim optio.
Ipsa aut consequatur deserunt omnis.
Saepe quis non quis quas.
Non non eum.
Autem sed veritatis debitis.","8","U","207","SLB","46","rerum, harum, rerum, voluptatem, officiis"
"15","Veritatis libero omnis ea voluptatem molestiae ipsam aut non in.","Earum voluptatem deleniti quod adipisci sit est quo ut in.
Illo ut et iusto officiis doloribus qui nobis porro excepturi.
In voluptate debitis sed rerum rerum ullam veniam dolor.","567","S","779","GUY","23","nisi, necessitatibus, sed, aut, nostrum"
"16","Qui consequatur voluptas perferendis cum voluptatem.","Voluptatem consequatur nulla omnis assumenda reiciendis et veritatis at nam.
Voluptatem atque et ut officiis nostrum enim ullam vitae aspernatur.
Necessitatibus quae molestias.","1586","PG","51","GUF","4","dolorem, numquam, velit, corrupti, hic"
"17","Nihil deleniti tenetur officia quas dolorem alias iure.","Veritatis id vel quam ipsam sed.
Reprehenderit necessitatibus et inventore.
Tempore corrupti possimus placeat aliquam.","639","E10+","142","XKX","27","laborum, quia, veniam, eaque, perspiciatis"
"18","Aut illo et repellendus modi.","Commodi dolore id eligendi repellendus modi.
Quia aliquam sed tempore nam.
Laboriosam aut et hic.
Saepe repellat minima ducimus cupiditate hic earum laudantium soluta.
Veritatis qui dolore adipisci.","1088","T","863","UMI","16","in, reprehenderit, eum, odit, architecto"
"19","Tempore quo odio.","Doloribus et minima sunt voluptatum fugiat magnam illum.
Laudantium eum aliquam qui est dicta asperiores.
Dolorum provident facere itaque nemo autem.","629","TV-G","727","MEX","11","dicta, voluptas, commodi, quis, amet"
"20","Nulla sit aut sit labore vitae.","Expedita debitis officiis et autem dolores officia.
Et maxime sint.
Eaque in aut et in perferendis a repellat voluptatem fuga.","1319","R","203","KIR","28","temporibus, aliquam, enim, enim, ea"
"21","Vero natus ea.","Id beatae impedit consequuntur sed molestiae omnis.
Tempore cumque laudantium.
Accusamus aperiam et vero est qui harum voluptatem omnis.","462","M","830","NCL","16","velit, dicta, amet, consectetur, enim"
"22","Aut accusamus id atque vel qui iure suscipit aut in.","Blanditiis voluptatem quo voluptas expedita tempora voluptatum et.
Eum quibusdam pariatur soluta quibusdam consequatur consequatur sed.
Quibusdam labore optio optio tempora et magni saepe temporibus.","774","CA","636","LTU","15","non, fuga, est, natus, quasi"
"23","Iste incidunt dolor aut eligendi voluptates dolor et.","Ullam voluptatem ipsa voluptatem voluptate quod dolores officia.
Totam dolores fuga corporis omnis fuga.
Deserunt ut ipsa incidunt incidunt suscipit.
Dolorum eaque alias possimus.
Aliquam labore qui repellat commodi ut eum natus beatae.","1965","X18","74","CMR","43","at, vero, aut, tempore, ipsa"
"24","Qui velit nam quia sit.","Qui dolor vel ut explicabo dolores et.
Mollitia quidem numquam fuga perspiciatis dignissimos debitis et voluptatum.
Ut fuga et aut.
Explicabo natus occaecati repudiandae voluptas placeat veniam.
Et occaecati repudiandae cum excepturi.","115","U/A","742","TZA","47","hic, similique, earum, ab, et"
"25","Voluptas quia expedita ab quibusdam reprehenderit sint nobis porro aliquid.","Odio sit eligendi velit quo quia.
Doloribus architecto nisi voluptas totam libero sint veniam architecto.
Expedita delectus a et veniam temporibus et vel eius et.
Sed labore dicta nostrum similique mollitia quisquam asperiores laudantium.
Veniam itaque ut dolor accusantium quia qui autem et eos.
Cupiditate nulla rem corporis nostrum.","1980","R18","576","TKL","3","odio, rerum, omnis, quia, est"
"26","Modi fuga numquam dolores rerum.","Soluta ea architecto nostrum hic ipsum cumque rerum ab voluptatem.
Perspiciatis sequi exercitationem autem necessitatibus aperiam fugit voluptas.
Qui reiciendis quibusdam molestiae soluta sed sed qui.","822","12","386","BLM","29","quod, aut, vero, vitae, dicta"
"27","Consequatur molestias praesentium quibusdam incidunt.","Numquam doloribus ut sit doloremque.
Et magni mollitia labore ut aut repellat officiis possimus sapiente.
Est qui saepe nihil minus explicabo.
Aliquid id fugiat odit reprehenderit quo cupiditate ut.
Aliquid omnis qui vero ut occaecati aperiam quo consectetur.
Voluptas et omnis.","1261","R18+","761","YEM","29","voluptatum, quis, quidem, ex, consequuntur"
"28","Fuga minus dolor nulla doloremque at ut voluptate enim et.","Dolorem nostrum exercitationem cum.
Quae architecto repudiandae sint sit et eius.
Qui qui aspernatur dicta doloribus cumque repudiandae doloribus omnis.
Eaque dolorum aliquid perspiciatis neque a itaque.
Quo repellendus laboriosam.
Quas unde officiis et eum aut et voluptatibus.","1040","R16","3","SLB","-1","quaerat, sit, eaque, nihil, itaque"
"29","Consequatur doloribus debitis et ut dicta nemo.","Sapiente quisquam voluptatum rerum dolores itaque rerum consequatur.
Voluptatem iure nemo veritatis.
Possimus eveniet expedita eveniet.
Distinctio rem error.
Doloremque dicta veritatis non.","1295","NC-17","844","EST","22","fugiat, ab, qui, iusto, distinctio"
"30","Velit iste recusandae incidunt occaecati ad.","Soluta ut id nemo.
Et esse dicta quis architecto est laboriosam magni omnis.
Veniam et deleniti accusantium veritatis.
Et ut asperiores aliquam ut veniam minima.","7","PG","858","BTN","21","ipsam, omnis, deleniti, voluptatem, fuga"
"31","Fugiat omnis dolores.","Eos natus sapiente expedita.
Ipsam eius quibusdam officiis dicta laborum earum corrupti facere architecto.
Voluptatem unde libero necessitatibus autem delectus eos.
Voluptatem odio fugit ut facilis consequatur.","1354","M","693","CUW","36","et, laudantium, et, voluptas, explicabo"
"32","Et non molestias quis minus error molestiae quibusdam iste.","Ratione cumque asperiores et accusamus soluta alias maxime dolor est.
Consequatur voluptatem consequatur quasi doloribus excepturi.","1179","U/A","874","ABW","12","eos, doloribus, repudiandae, enim, nihil"
"33","Quis facere dolorum rerum inventore ut ullam repellendus.","Dolore impedit reprehenderit facilis occaecati laboriosam doloremque repudiandae.
Cum deserunt exercitationem.
Qui sint esse rem.
Libero ut eius et illum cum rem est.
Consequatur ad excepturi non.
Ullam est accusamus non odio enim id voluptatibus.","1852","TV-Y7","164","BLM","33","soluta, id, voluptates, amet, voluptas"
"34","Nemo odio voluptatem reprehenderit aut enim soluta voluptas quibusdam.","Eos porro aut voluptates nihil.
Nostrum ab eum voluptatum.
Sit animi qui omnis sed quis minima enim quo.","1814","15A","993","PYF","26","ea, earum, in, ad, voluptatem"
"35","Accusantium sequi harum et minus.","Qui quae aut fugit.
Velit qui architecto commodi et.
Ex id esse repellendus dolor expedita.
Mollitia aut atque eius cumque enim nihil sed magnam.
Sint quibusdam magnam et enim fugit nesciunt consequuntur.
Dolor nobis voluptatem ut quia et nemo expedita velit atque.","1272","T","826","ETH","47","quia, accusamus, dolor, expedita, qui"
"36","Nam et eveniet qui occaecati aliquam eos nesciunt omnis.","Ea dolor quia consequuntur.
Aliquam vitae animi atque repellendus iste.","2065","6","602","AND","14","ut, nobis, consequatur, consequuntur, architecto"
"37","Nemo dolorem delectus quisquam quos magni voluptates voluptatem molestias et.","Ab cumque voluptatem nobis ex repudiandae alias dolores.
Tempore eaque culpa.
Aspernatur ratione illo reiciendis at.","309","15A","379","CIV","0","aut, labore, non, quia, vitae"
"38","Nihil dolores quis quod rerum qui corporis quis vero reiciendis.","Aspernatur recusandae porro qui nemo ullam autem.
Natus in voluptatem.","1607","PG-13","237","NIU","21","amet, vel, corporis, eos, voluptas"
"39","Rerum at delectus tenetur ut veritatis.","Non alias accusantium repellat consequatur et.
Officiis iure similique voluptates et eius aspernatur.
Ea id numquam ut commodi eum.
Non eaque vel.
Possimus rerum consequatur sit ducimus tenetur repellat harum aliquid.
Dolores voluptatem delectus impedit minus blanditiis nostrum quo quia.","728","6","997","XKX","27","rerum, quisquam, voluptas, quaerat, at"
"40","Consectetur sunt occaecati fuga qui.","Nemo at saepe qui et voluptatum sed at voluptatum voluptas.
Cum nobis suscipit accusantium consequatur sapiente alias et ut.","1811","GP","339","BGD","48","vero, veritatis, ducimus, sunt, sunt"
"41","Rem et et placeat vel.","Quis sed maiores.
Reprehenderit quis facilis explicabo sunt.
Rerum suscipit unde suscipit enim inventore aliquid dignissimos et.","892","MA15+","61","LCA","31","ut, doloremque, ipsa, est, eos"
"42","Reprehenderit sit alias non fugit iste.","Enim quia aut similique sit minima eos adipisci.
Ratione doloribus nihil tempore sit vel eos.
Aperiam libero adipisci beatae fuga.
Assumenda quisquam saepe.","1247","M","749","KAZ","17","voluptatem, unde, sint, ullam, doloribus"
"43","Dicta autem accusamus eligendi omnis.","Non quisquam quod expedita cum.
Aspernatur aliquid quia earum aut omnis tempore sequi.
Ipsa inventore et nihil ut vel.
Hic quibusdam soluta fugiat est ea nobis quis repudiandae.
Ipsum quia ea nobis molestiae natus est.
Omnis laborum corporis.","11","PG","577","ARG","23","consequuntur, sit, labore, fuga, sit"
"44","Perferendis ratione soluta autem repellat ea facere voluptas.","Temporibus in libero sit laborum et harum autem est expedita.
Ut dicta eligendi nihil quae libero.
Molestias ut qui minima deserunt quo quo dicta perspiciatis et.
Commodi enim sequi similique iste ut non earum sit.
Amet excepturi sunt eum facere quam alias quae.
Ut quos molestiae.","1692","TV-G","136","MDV","23","reprehenderit, aliquam, tempore, ut, non"
"45","Delectus neque reprehenderit harum sint autem.","Vitae soluta ex eligendi aliquam.
Nulla sed aut.","749","X18","598","GAB","2","nesciunt, dolorum, ab, possimus, quae"
"46","Vitae deserunt ut expedita alias aut corrupti voluptatem et.","Ut soluta architecto nesciunt et temporibus unde veniam sunt aspernatur.
Doloribus qui deleniti qui non vel pariatur rerum quia repudiandae.","20","AL","569","PER","1","ratione, quis, sunt, sunt, molestiae"
"47","Laudantium quaerat quis dignissimos expedita.","Blanditiis sed voluptas iure necessitatibus et ut voluptatibus voluptas.
Autem labore recusandae culpa.
Minima laudantium asperiores.
Velit laboriosam mollitia suscipit accusamus rerum explicabo eos et.
Dolores ut aut delectus ab est maxime provident non consequatur.
Explicabo id optio labore dolores illum ut et labore animi.","1693","15A","72","MYT","30","modi, perspiciatis, quibusdam, doloremque, vitae"
"48","Illum quos et excepturi et occaecati asperiores rerum.","Possimus est soluta similique.
Velit pariatur et vero eos magnam et deserunt inventore quia.
Rerum dolorum consectetur laboriosam nam sed.
Amet nam possimus.
Ex et aut inventore et sit tempora aut quo rem.","929","R16","298","ATG","40","laudantium, officia, dicta, enim, neque"
"49","Est voluptates in quo tempore doloremque voluptatem harum distinctio minus.","Dolorem id culpa.
Dolore eligendi velit dolor aut consectetur quod.","635","A","357","VEN","27","assumenda, sapiente, excepturi, sed, sunt"
"50","Ut sapiente et ut magnam consequatur voluptates rerum sequi.","Enim quidem ipsam aut quia nihil eius illum quisquam.
Iste sed occaecati blanditiis fuga.
Non omnis possimus ut dolor in neque reiciendis nihil dolorem.","1398","PG","412","BOL","18","enim, dolor, ut, ut, dicta"
"51","Esse quis accusamus sed qui distinctio.","Eum et itaque nemo aut non sapiente et mollitia ut.
Fugiat optio qui blanditiis nesciunt sunt beatae.
Sunt ea consequatur molestiae a sapiente.
Id dolor dolorem assumenda et.
Animi ipsam non ut odio aliquid repellat rerum temporibus quo.
Sit saepe reiciendis voluptatibus fugit dignissimos rem officia quaerat dolorem.","1533","A","599","ARM","37","qui, occaecati, qui, molestiae, iusto"
"52","Accusamus voluptatem inventore veritatis.","Eius non quos voluptatem quidem neque.
Rem qui et velit nemo.","1101","TV-PG","280","ATG","20","sunt, in, qui, assumenda, minus"
"53","Quia exercitationem quae possimus.","Voluptate quia velit nihil.
Rerum tempore enim maiores praesentium et sint.
Quidem repudiandae quae id quaerat et.
Autem iusto molestiae quos eligendi.
Repellat impedit ad tenetur quae rem voluptatem.","1081","X18","183","DEU","34","ut, et, inventore, eveniet, fugiat"
"54","Pariatur non eum suscipit libero non sit veritatis in.","Veniam excepturi natus tenetur laboriosam minima molestias.
Non rerum mollitia.","1258","TV-14","693","KEN","8","maiores, aut, impedit, est, consequatur"
"55","Laborum quo ut consequatur tempore quia quae atque ea laudantium.","Deserunt doloremque animi nam.
Voluptate officia asperiores enim tempora atque est.
Mollitia corrupti odio omnis.
Reprehenderit quod commodi.
Et expedita voluptatem.","791","GP","265","REU","29","amet, doloribus, dolore, inventore, facilis"
"56","Natus sint quo ut id.","Dignissimos et cum qui odit asperiores.
Animi tempore qui beatae in at.
Enim sunt illum et nemo.
Ut ut sit nostrum dolorem iste non praesentium numquam.
Voluptas omnis dicta voluptas.","1033","G","747","USA","47","sint, porro, et, voluptate, autem"
"57","Quis ut quo minima magni dicta cupiditate.","Illum velit dolorum nisi non et.
Odit aperiam possimus fuga eos optio eveniet repellendus.","1444","S","916","CUW","27","sunt, dolorem, et, quo, ex"
"58","Voluptatem tempore dignissimos quo praesentium facere eaque.","Molestiae tenetur maxime.
Quia molestiae dolorum eum vel veritatis.
Ipsa dolorem provident assumenda necessitatibus.
Ipsam voluptate nesciunt praesentium et.","91","R","560","GNB","25","ea, vel, autem, tempore, tempora"
"59","Sed quisquam quaerat est sit.","Impedit accusantium quas voluptatibus sed consequatur eius deleniti earum.
Eius dolorem est odit porro ut minus omnis culpa.","385","E","216","LVA","13","voluptas, pariatur, animi, aut, adipisci"
"60","Hic a adipisci soluta velit placeat debitis inventore.","Autem voluptatem nostrum sit rerum iure nisi rerum.
Ut totam illum accusantium.
Quos nisi modi nisi minus amet exercitationem.","391","EC","5","LSO","50","sed, eos, recusandae, ut, molestias"
"61","Inventore corrupti ea quis architecto saepe praesentium.","Velit quasi veniam sapiente debitis.
Totam soluta reiciendis repudiandae ad.
Beatae consectetur aut.","591","18","605","ARE","43","ipsam, ab, autem, laudantium, et"
"62","Incidunt nihil tempore aut harum et.","Laboriosam excepturi ipsam vero.
Enim nam omnis sit eos et quaerat quis sapiente.
At quaerat quod dolor atque.
Officia sed similique vero cumque et suscipit deserunt harum est.","1984","M","76","PLW","9","molestiae, dolorem, corporis, nulla, facere"
"63","Voluptatibus voluptatem ullam facilis ullam.","Aspernatur consequatur molestiae quis consequatur voluptatum.
Eum enim sunt temporibus sequi.
Non ipsam harum magnam aut dolores aut.
Voluptatibus quas sunt consectetur aspernatur voluptatum.","991","G","775","ASM","24","sapiente, qui, dolores, consectetur, nam"
"64","Alias ut assumenda adipisci deleniti animi.","Est corporis laborum quos pariatur.
Vel omnis animi hic officia.
Consectetur dolores dolor voluptatem eos iure qui.
Explicabo ut accusamus quo in.","1953","PG-13","941","ARE","13","sed, voluptas, temporibus, praesentium, voluptatum"
"65","Et perferendis magnam deleniti adipisci qui voluptatem recusandae repudiandae.","Quis aperiam perferendis dolorem harum ut.
Non fugiat saepe.","32","6","652","NLD","7","optio, consequuntur, delectus, omnis, nesciunt"
"66","Eum voluptas deleniti ullam esse et.","Velit ducimus minus incidunt odit.
Et odit non voluptatem et.
Aut in optio exercitationem est omnis.
Quod aut rem.","9","G","624","MEX","42","velit, quia, expedita, et, corporis"
"67","Nulla et omnis delectus voluptas labore.","Et cupiditate deserunt aut sunt tempora id voluptatum architecto.
Aut cupiditate et laudantium et maiores.","1108","TV-Y","951","CIV","22","cumque, nulla, ut, ipsa, perspiciatis"
"68","Quidem sit omnis est fuga.","Sunt dolor harum magnam.
Repudiandae consectetur soluta maiores voluptates.
Quia at perspiciatis doloribus iste ut nulla nemo.
Veniam ipsum recusandae id.
Asperiores aspernatur quidem natus itaque asperiores.
Sed quia ullam aut dolorem ut perspiciatis dolor.","164","R","853","PHL","42","corrupti, unde, facere, aut, quae"
"69","Doloribus omnis et blanditiis ut.","Ex ut et repellendus nisi.
Fugiat est labore qui soluta.
Deleniti et ut sequi sed minus dolorem ut.
Consequatur quaerat corporis rerum aliquam.
Quos rerum quo nihil.","641","E10+","263","JEY","14","architecto, et, dolores, consequatur, distinctio"
"70","Commodi officia dolores.","Nobis libero quam quibusdam similique suscipit in qui.
Illum sunt nemo et dolor voluptatem deserunt qui non.
Aliquid natus laborum consequatur.
Quae explicabo aliquid quam.","1340","R18+","700","ITA","21","inventore, voluptate, ut, adipisci, doloremque"
"71","Et a nulla ipsa exercitationem quas ullam dolor.","Nostrum fuga est quo sed fuga.
Quis totam quo nam a ut quis architecto aut labore.
Perspiciatis modi consequatur autem hic omnis aut.","1889","G","65","BRN","42","provident, sit, eaque, perferendis, et"
"72","Odio rerum reiciendis earum ut consectetur ut reprehenderit.","Rem consectetur sunt fuga quae ipsam deserunt illum rerum fugiat.
Maiores dolores nostrum numquam.
Repellendus id non cum repudiandae quis beatae quo maiores aut.","355","M/PG","123","PER","45","commodi, et, unde, dignissimos, vitae"
"73","At ab sunt tenetur nam sit.","Asperiores explicabo dolorem fugit optio.
Beatae exercitationem qui.
Cumque porro accusamus corporis aut ratione modi ut et ab.","891","S","906","VGB","49","aliquid, ut, quos, aut, ad"
"74","Sed incidunt eveniet eligendi quisquam.","Libero quod delectus quis.
Possimus eius reprehenderit ex.
Sit aperiam quas ducimus.","1559","18R","85","VUT","39","aliquam, quibusdam, eum, quas, temporibus"
"75","Voluptatum atque sit dolores qui nulla consequatur animi ratione sint.","Quidem ea tempora aut maxime.
Voluptatum possimus aliquam consequatur veniam minima.
Modi consequuntur et ut veniam nemo alias est.
Perferendis nobis sapiente at quibusdam veritatis expedita suscipit.
Animi dolore et est veniam asperiores consequatur.","416","T","531","CPV","20","ut, dolor, iste, quas, aut"
"76","Necessitatibus laborum earum.","Ad est et aut doloribus est impedit autem quidem.
Corrupti et sapiente culpa dignissimos voluptas debitis.
Totam nisi iusto veniam laborum.","1907","T","997","UGA","38","consequatur, et, dolor, qui, voluptas"
"77","Sed quod et modi omnis odio maxime.","Recusandae dolorem non vitae aliquam dolor error enim et rerum.
Commodi repudiandae adipisci dolorum.
Quia nesciunt ex perferendis.
Autem excepturi dolor qui cum.
Et consectetur fugit beatae voluptas dolor minima dolores provident.","1422","12A","268","QAT","42","natus, quos, amet, fugiat, est"
"78","Aspernatur a tempora deserunt quis eligendi laboriosam voluptatem.","Nam ipsa aspernatur enim officia est animi cupiditate repellat.
Temporibus deleniti quas nihil dolores non non molestiae sint.
Voluptas autem animi nihil sit expedita id laborum nesciunt.","151","18","734","GRC","44","modi, dolor, est, nulla, temporibus"
"79","Voluptatem autem laborum modi magni commodi enim modi.","Aut esse illo similique doloremque facere rerum dolores corrupti nihil.
Repellat dolor in est quia illo consequatur fuga consequuntur molestiae.","114","R16","707","BWA","47","itaque, placeat, omnis, debitis, laudantium"
"80","Repudiandae alias deserunt nihil voluptatem commodi.","Beatae nihil vel quae molestiae corrupti repellat maxime quia.
Rem voluptate nam mollitia incidunt odio voluptate quas.
Rerum commodi dolorem eum eveniet illo cum necessitatibus qui facere.
Eligendi quis ea sapiente sint repellat.
Eos dicta eum.
Sint et aliquid pariatur magnam debitis necessitatibus at perferendis quos.","1864","TV-G","473","PSE","32","eum, porro, velit, nemo, voluptas"
"81","Eos cupiditate eaque blanditiis dolores occaecati quibusdam corporis aspernatur ducimus.","Nulla dolores dolorum ipsam.
Consequuntur sit qui autem.","1577","R16","586","SYC","0","magnam, similique, velit, est, consequatur"
"82","Commodi voluptatem enim sed rerum quaerat aspernatur at.","Eos rerum quia possimus adipisci sed excepturi eaque maxime excepturi.
Nostrum vitae culpa alias cum quod quia dolore deleniti rerum.
Vero odit ea et reiciendis voluptate ut et et.","1258","U/A","417","GEO","41","quia, necessitatibus, explicabo, sunt, omnis"
"83","Distinctio voluptates sed officia explicabo ut dolorem.","Odit labore qui quia dignissimos ipsum minus odio rerum eos.
Repellendus voluptatem cumque rerum cupiditate exercitationem ut qui voluptatem.","1371","A","862","STP","-1","mollitia, dolores, dolorum, placeat, molestiae"
"84","Aut et expedita veritatis voluptates accusantium sunt.","Eum sapiente accusamus est consectetur et.
Ipsam perspiciatis sed sit.
Totam sed ipsam voluptates dolores.
Qui eum rem hic repellat rerum.","1873","G","550","SGS","13","eum, et, dolorem, non, doloremque"
"85","Esse ullam omnis maxime laudantium molestiae voluptas ea.","Rerum et voluptatem autem sunt eius aliquid.
Corrupti non in quia.
Voluptatum harum blanditiis nesciunt tempora sint officiis et cum.
Sunt quia incidunt vel cupiditate vel.
Nihil officia rem possimus odit officia.
Recusandae possimus sit est quidem et inventore autem.","963","TV-G","131","FRA","48","quasi, laudantium, molestiae, autem, autem"
"86","Ullam quibusdam dolorem dolores aut qui aspernatur explicabo ex.","Sit explicabo nesciunt culpa iste.
Non nobis ad qui alias non.
Iure sunt aliquid iure.","1975","TV-Y7","136","LUX","34","molestias, quis, quo, quia, enim"
"87","Nam ullam illum non ut autem.","Explicabo at consequatur ex facere repellat in adipisci sed.
Inventore sit necessitatibus rerum et itaque.
Quia aut aliquam.","1818","C","87","FJI","17","enim, et, et, deserunt, cupiditate"
"88","Dolore blanditiis sit suscipit nostrum laudantium eum.","Aut id aliquid exercitationem voluptas fuga odit voluptas nisi eligendi.
Et id eaque ut.","1955","CA","635","BGR","9","distinctio, sit, repellat, veniam, aliquam"
"89","Voluptas accusamus architecto sapiente earum qui voluptate libero.","Nesciunt accusantium vero voluptas inventore explicabo.
Praesentium nam voluptas sunt veritatis beatae earum quam odit quia.
Totam sed ea qui et officiis.","217","U/A","127","ZWE","23","incidunt, minus, eos, quaerat, facilis"
"90","Omnis voluptatem consequatur rerum corrupti placeat.","Qui qui accusantium ab autem totam.
Eaque aut vel aperiam quo.
Vel velit voluptates.
Harum velit est repudiandae voluptates maxime placeat non.
Accusamus nulla minus enim odit eum incidunt.","2097","TV-PG","463","PRI","29","rem, delectus, sit, sit, minima"
"91","Mollitia id non qui sunt enim qui.","Reprehenderit id quod et quis nulla in.
Laboriosam sit blanditiis eaque earum recusandae cum quo.
Ut aut omnis perferendis.
Minima veritatis nisi eius debitis consequuntur.
Voluptatem harum dignissimos beatae perspiciatis sint tempora adipisci sequi ipsam.","52","PG-13","893","KGZ","21","at, et, voluptas, quis, distinctio"
"92","Pariatur quod ex esse est qui qui nulla voluptatem.","Provident sit quae praesentium alias.
Est quia ipsam dolorem quia amet eveniet.
Et et nostrum nihil.","1687","T","431","BEL","35","non, molestias, quod, sapiente, minus"
"93","Nostrum est non quas quisquam velit.","Fuga et quos alias est iure.
Cupiditate corrupti impedit ut.
Sed suscipit voluptas veritatis magni quia dolorem.
Ipsam error beatae ea pariatur distinctio ducimus et voluptatibus est.","483","TV-G","443","SGS","35","ut, ipsam, saepe, rerum, nesciunt"
"94","Explicabo alias doloribus rerum sunt velit dolor.","Quia quidem eveniet consequatur laboriosam quia laudantium.
Numquam expedita alias quae perspiciatis sint dolore similique ratione.
Ut iusto laborum itaque impedit sunt.","1394","E","384","SLB","33","qui, laudantium, id, rem, est"
"95","Voluptatem unde corrupti non.","Aut aliquam molestiae eum dolore dolorem.
Voluptate et voluptatum et in sit accusamus accusamus et.
Fugiat doloribus aliquid vitae eos.
Et assumenda nihil et voluptatem.
Distinctio maxime eveniet praesentium dicta.","466","EC","15","DMA","19","asperiores, tenetur, soluta, excepturi, magnam"
"96","Qui explicabo fugiat qui cum est doloremque.","Nihil explicabo voluptates quidem ut.
Consequatur nesciunt aut est.
Consequatur reprehenderit aspernatur autem omnis rerum omnis in.
Laborum maxime qui ad illo facilis molestiae quibusdam.
Velit eaque ut ullam quo fugiat et.
Molestias quia ea illo sint.","712","TV-PG","142","MWI","8","assumenda, non, qui, iste, hic"
"97","Qui omnis sit sequi in ea perspiciatis nihil.","Saepe eos illum magnam voluptatum qui illum non voluptas.
Qui praesentium ab nulla similique beatae culpa sit.
Suscipit repellendus esse aut natus est nemo.
Magnam eum dolor animi quisquam nostrum.","1704","C","477","BES","12","eaque, sed, distinctio, ut, vitae"
"98","Ut quia ad excepturi assumenda ratione quia animi.","Et illo quo eum cum qui fuga quae sunt.
Assumenda voluptatem eaque aliquid totam.
Doloribus distinctio culpa vel ut occaecati eveniet perspiciatis blanditiis.","363","12","302","PYF","33","aliquam, consequatur, fugiat, itaque, ullam"
"99","Laudantium sapiente unde ex soluta natus illo.","In labore aperiam voluptatem tenetur.
Consequatur velit odio impedit optio atque repudiandae nihil suscipit.
Expedita nemo corporis sed.
Provident voluptas voluptatibus omnis est quis quidem molestiae.","38","M","376","BTN","15","laudantium, et, ut, tempora, ut"
"100","Assumenda accusamus est.","Provident quos et est earum et praesentium.
Aut voluptates ipsam et fuga vel vero mollitia est.
Eveniet impedit mollitia nihil eveniet eum deserunt.
Non sunt minima delectus harum eum consequatur dicta laborum a.
Dignissimos rerum et voluptas perspiciatis qui.
Minima quibusdam non aspernatur placeat suscipit libero.","1722","PG","227","IRQ","4","error, repellendus, eius, saepe, atque"
"101","Quo nihil harum soluta inventore cupiditate delectus et porro consequatur.","Inventore labore dolorem modi tempore fuga sapiente quia fugiat asperiores.
Et eum pariatur vel aut eum et.
Ab laboriosam esse unde ipsam.
Explicabo et est sint explicabo ab ea aut.","1606","TV-MA","345","TUN","17","quis, occaecati, est, sunt, eligendi"
"102","Sed corporis dolores iure.","Sit sit consectetur laudantium blanditiis occaecati.
Voluptatem totam quo voluptatem.
Tempora asperiores pariatur.
Voluptatibus quo ut facere est mollitia et officia.","521","12","92","SPM","25","dicta, quaerat, consequatur, non, consequatur"
"103","Laudantium eius alias in labore.","Et qui soluta.
Libero aut minus maiores quos explicabo sequi eius rerum quam.","381","E","781","NLD","3","iure, dolores, aut, consectetur, voluptatem"
"104","Enim doloribus repellendus officia id temporibus.","Nisi aut omnis voluptatem voluptates dolores sit.
Consequatur ipsum quo harum aut laudantium tenetur.
Doloremque quia est necessitatibus nostrum fugit debitis ut.
Ex et quas.
Voluptatibus sequi nulla laborum voluptatibus a nihil.
Nihil est fugit.","579","EC","427","TON","24","quibusdam, molestias, non, quia, quisquam"
"105","Deserunt voluptas ipsam saepe qui ullam fuga incidunt repellendus.","Sunt sunt perspiciatis magni.
Qui nemo velit consequatur laborum in qui nam.
Perferendis itaque quae molestias iste omnis eligendi.
Quos dolor voluptatibus tempore eveniet sit architecto quisquam sequi.
Quisquam ea aliquid dolor quos facilis rerum et eius reprehenderit.
Iusto corporis fugiat minima maiores officiis necessitatibus et tempore ipsum.","1838","U","619","SGS","15","ipsam, ex, neque, amet, modi"
"106","Exercitationem sint culpa maiores sint.","Sunt est mollitia ut repellendus alias non accusamus.
Quia voluptatem non.
Temporibus in laborum sed minima totam.
Ut et ipsum quo autem illum rerum.","805","PG-13","566","TON","11","corporis, est, enim, necessitatibus, aspernatur"
"107","Autem soluta occaecati consequuntur neque ut aut suscipit.","Sed quos et voluptas ipsa soluta.
Deleniti maxime facilis suscipit magni natus vel.
Id sapiente nobis.
Maiores dolore est tempore omnis soluta voluptas inventore.","317","TV-14","572","COK","14","officia, soluta, autem, quibusdam, et"
"108","Sint magnam provident.","Voluptatum hic laborum voluptatibus et vel fugit in excepturi.
Veniam enim voluptates dolore est adipisci reiciendis repellat illo quia.
Harum consequuntur pariatur delectus optio omnis sit nisi.","1319","TV-MA","717","LAO","7","sit, sed, est, vero, sed"
"109","Ad omnis aut dignissimos expedita porro.","Ea earum corporis quia aliquid qui nihil minus provident.
Tempora qui ipsum iusto.","691","TV-Y","610","DJI","14","molestiae, distinctio, veritatis, quo, consequuntur"
"110","Incidunt et nam ipsa.","Odio atque culpa quidem iure atque omnis voluptatem consequatur id.
Itaque rem eum voluptas quidem aliquid.
Ut neque magnam explicabo magnam voluptatem consectetur vel repudiandae.
Reprehenderit quasi asperiores.
Architecto aliquid laudantium.
Et ex in corrupti molestiae repellat consequatur.","1672","S","754","SOM","8","vel, non, aperiam, ab, ut"
"111","Illum sint esse similique vitae tempore esse voluptatum laboriosam minus.","Quas reprehenderit magni delectus ut voluptatem.
Aliquid iste quod.
Placeat aut et eum.
Corrupti odio qui ullam magni amet.","214","TV-Y","155","NLD","1","alias, sunt, illo, repudiandae, expedita"
"112","Rerum numquam maiores.","Voluptatum est id impedit et et rerum ab quaerat.
In sint alias magni optio ea.
Corrupti est iusto et sint consectetur.
Aperiam impedit iusto sed commodi et eos non suscipit commodi.","804","R16","262","MKD","40","ipsum, voluptas, consequuntur, molestias, perferendis"
"113","Dolorum aliquam et tenetur.","Beatae deleniti nesciunt dolorem quibusdam dolor.
Sed rerum reiciendis.
Dolor unde alias quia nulla non quis et qui.","1998","9","597","AFG","7","quia, adipisci, voluptatem, deleniti, et"
"114","Molestiae quis omnis amet ducimus accusantium eos adipisci occaecati repellendus.","Iusto ea illo consequatur.
Voluptatum tempore deleniti fugit cum voluptas et nisi sunt.
Porro et et.
Architecto id odio maxime voluptatem iure veritatis.","1451","U/A","429","IRL","32","pariatur, quis, provident, rerum, odit"
"115","Voluptate eveniet vel assumenda dolor magni excepturi dolorem.","Delectus adipisci delectus dolorem dolorem et cumque expedita.
Fuga sed numquam odit aut eveniet rerum officia ad aut.
Suscipit et minus sequi enim est aut.
Consequuntur placeat corporis repellendus vel odit nihil non.","1085","CA","219","MEX","3","sed, quas, vitae, quae, enim"
"116","Sequi labore nulla in architecto architecto quaerat.","Cumque dolor quos.
Quas corporis cupiditate autem.
Iure eius laudantium quo.
Quia eius ratione quia est quidem deleniti voluptatem consequatur ullam.
Nostrum ducimus ex quod vitae error reiciendis ut sed.
Expedita itaque natus similique ut consequuntur ipsa id.","1497","AL","562","ECU","14","consequatur, aut, quis, est, perferendis"
"117","Vero saepe at nostrum asperiores.","Enim dolorem veniam est.
Enim ea quia neque deleniti consectetur doloribus.
Doloribus adipisci reprehenderit delectus provident dolorum fugiat.
Distinctio omnis voluptatem reprehenderit iure fugiat.
Expedita harum perferendis.
Ipsam minus architecto sint quia non nostrum dolor mollitia.","911","18R","210","MLI","29","sed, libero, nulla, nemo, sunt"
"118","Iusto quos amet quia consequatur voluptatem aliquam autem repellendus possimus.","Accusamus repellendus rem ex ratione praesentium cum et quaerat.
Est velit porro qui quia.
Ducimus aut eaque voluptatem doloremque voluptatibus fugit consequatur et expedita.
Aperiam dolore saepe incidunt occaecati sapiente nisi voluptas.","163","NC-17","292","SEN","47","molestias, architecto, consequatur, voluptatem, in"
"119","Et sunt qui soluta.","Aliquam exercitationem magni consequatur quam quo laboriosam.
Exercitationem corporis numquam nam assumenda.
Harum distinctio quia tenetur quia ad in.
Sit quo nihil voluptatum ex tempora.","2034","9","698","PRT","47","qui, ut, error, maxime, distinctio"
"120","Praesentium doloribus voluptas velit molestiae quo.","Similique dolore architecto nihil totam magni qui quo asperiores.
Odit occaecati quis quae et quia ullam est reprehenderit.
Distinctio in aperiam similique deserunt nobis culpa porro ab.
Magni et quas eaque.
Voluptas accusamus cupiditate soluta quia officia minima.
Dolor autem in dolorem a sequi aut voluptatem.","402","TV-Y","409","TGO","45","aut, alias, deleniti, quos, maiores"
"121","Dolores autem mollitia magni quibusdam numquam nesciunt aut.","Labore velit libero aperiam iste autem quis.
Quam voluptas ipsum voluptas qui veniam provident voluptatem.
Rerum similique quod similique perspiciatis officia voluptas libero nemo.","480","15A","154","BES","47","veniam, inventore, eligendi, incidunt, possimus"
"122","Eum consequatur omnis est porro aut quidem distinctio.","Nisi ut dolores mollitia incidunt enim enim.
Quia totam voluptas officia quo in et vero iure aut.
Eligendi necessitatibus sunt delectus ad neque debitis.","2020","18","239","HRV","9","laboriosam, eligendi, et, numquam, similique"
"123","Iusto iure maxime architecto provident unde.","Deserunt nam sit dolore ab pariatur nam minima dolores.
Repellat odio vitae.
Incidunt blanditiis maxime quisquam quis.
Eum sit nobis quas ipsum numquam illum.","251","R16","793","DOM","41","quasi, fugit, nihil, iusto, sint"
"124","Neque amet quo magni ipsum repellendus.","Provident quis corrupti corporis ipsum nisi quae.
Quia aliquam et maxime omnis magnam aut.","401","CA","605","FSM","15","veniam, deserunt, aut, aut, voluptas"
"125","Labore dolorum eos eum reprehenderit et et voluptas.","Dolor occaecati consequuntur occaecati debitis ea.
Consequatur voluptatum et ipsam vero tempore fugit dolorem.
Dignissimos eveniet et minima velit dolores et mollitia error.
Velit ea voluptatum maxime magnam fugiat soluta.
Cupiditate eum provident.","187","15A","438","MRT","13","est, in, quis, mollitia, exercitationem"
"126","Repellat alias non expedita maxime et.","Laborum velit odit animi.
Fugiat vel corporis sit iste corrupti atque.
Dignissimos ab ut voluptatem cupiditate incidunt tempore magni fugit.
Minus explicabo enim.","860","TV-Y","20","DJI","35","sunt, repudiandae, iusto, quas, quia"
"127","Tenetur cumque veritatis consequatur eum quaerat enim ex quia cumque.","Nam aut consequatur quasi esse et neque et expedita praesentium.
Vitae dolor qui reiciendis.
Optio veritatis aliquid vero iste.
Dolorem enim sit aperiam temporibus.
Facere quasi enim dolores sunt non.","1460","R16","324","RWA","17","sit, reiciendis, excepturi, soluta, sit"
"128","Corrupti reprehenderit eum corporis et porro animi porro libero.","Maxime quas dolores tenetur veritatis quidem nulla reprehenderit facere.
Voluptas suscipit magni voluptatem fuga magni vero laboriosam dolorem.
Nihil tempora praesentium in omnis similique qui placeat.
Doloremque modi qui distinctio maxime pariatur quo a consequatur aperiam.
Corrupti ea animi iste et voluptas cupiditate nostrum rerum.","621","TV-Y7","985","VEN","35","sit, voluptas, libero, repellendus, fugit"
"129","Quo quod dolorem error voluptatem suscipit earum labore.","Quos quis nemo laboriosam non unde.
Vel iste ea quos quo est.
Neque ut aut unde ex placeat non quod magnam.
Adipisci inventore sed consectetur.
Enim magni voluptatum voluptatem corporis delectus at.","1999","TV-PG","276","THA","3","expedita, vel, amet, voluptatum, ex"
"130","Exercitationem aut adipisci rerum excepturi suscipit temporibus.","Est laborum voluptas ut est.
Et ullam blanditiis.","349","18R","869","CCK","1","dolorum, et, sed, quidem, ipsam"
"131","Sunt rem quo repellat dolores.","Tempore totam sapiente odio cum vel atque voluptas hic vero.
Porro et quos molestiae ut quia consequatur autem maxime atque.
Corrupti ipsa dolor necessitatibus.","1705","A","865","TWN","2","architecto, quibusdam, repellendus, aut, deleniti"
"132","Necessitatibus assumenda voluptas qui accusamus assumenda molestiae voluptatum.","Maiores aliquid et vitae sint mollitia eaque non quos molestiae.
Nulla ab dignissimos autem quae.
Inventore fugit nisi accusantium quis explicabo.
Nulla aliquid numquam sint qui.
Iusto et accusamus fugiat porro cupiditate culpa velit.","1796","TV-14","524","BOL","1","quia, officiis, mollitia, consectetur, et"
"133","Perspiciatis est quaerat deleniti expedita non omnis cum distinctio tempore.","Ex accusamus nesciunt libero.
Et quia inventore soluta quos deleniti perferendis minima fugit.
Sunt quia suscipit et.
Et quia reiciendis.","1053","GP","949","COK","1","est, vitae, molestiae, dignissimos, cumque"
"134","Rerum eum ex consequatur atque deserunt omnis.","Voluptatum pariatur quasi vel error vitae ut dignissimos.
Reiciendis est nam quo.
Hic soluta consequatur sint.","1733","12","827","MNE","13","qui, deserunt, ut, ipsum, quae"
"135","Esse aut et.","Quae sapiente ea dolor id quia unde atque distinctio.
Repellat voluptas voluptas.
Est voluptas repellendus sequi dolorem perspiciatis autem rerum nostrum aliquid.
Error quod quis illo.
Cum sequi at dolores suscipit.
Necessitatibus voluptatem nostrum at quia quis tempore in qui modi.","2075","R18","948","THA","41","enim, repellendus, consequatur, excepturi, quis"
"136","Perspiciatis nulla nemo asperiores esse voluptatem dignissimos suscipit similique aut.","Voluptas et alias accusamus reiciendis est laboriosam voluptatem earum.
Odio odio qui assumenda reprehenderit occaecati id.
Rerum ut quo in a provident perspiciatis.
Qui fugiat corporis.
Est minima aut atque sit.","1450","TV-Y7","687","TWN","42","maxime, voluptas, numquam, et, reiciendis"
"137","Inventore voluptatem dolorem aut repudiandae voluptate autem.","Dolor cupiditate quae.
Ut consequuntur iste ut quas amet modi et at quasi.
A fuga et quasi tempora temporibus.
Est esse eaque.","1004","R21","562","PRI","17","provident, reiciendis, placeat, amet, voluptas"
"138","Quos corrupti voluptatem libero facilis et.","Totam nemo deserunt ab totam unde aut odit.
Corporis totam aliquid sint cupiditate corrupti ut velit voluptatum.
Fugiat dicta quia molestiae in nisi et sit architecto fugit.
Magnam quaerat beatae et sint enim ipsum.","1191","9","808","GBR","45","nobis, minus, quos, in, ipsam"
"139","Quidem sed et.","Harum magni sit quasi corporis voluptatem fugiat similique.
Quam voluptas rerum autem harum consectetur.
Amet inventore quibusdam quos.
Sunt veniam provident quibusdam ipsam omnis non necessitatibus.
Ipsam velit et rerum.
Nisi quia et unde consequuntur quas quis quo.","1796","M","689","STP","46","eum, veniam, ut, aut, expedita"
"140","Nihil cupiditate rerum animi ut nisi aut iure illo dolorum.","Voluptas nostrum eos enim architecto molestiae accusantium.
Omnis necessitatibus est.","259","E10+","852","BVT","2","neque, est, aperiam, dolore, atque"
"141","Adipisci consequatur ullam quia.","Est rerum dolor.
Occaecati expedita rerum dolores ipsum voluptatem repellat dicta.
Qui ad fugit sit.
Et nemo enim eveniet modi.","1989","TV-G","275","NLD","1","et, animi, tenetur, molestiae, distinctio"
"142","Eum molestiae accusantium maiores aspernatur.","Numquam dignissimos animi officiis.
Qui assumenda incidunt atque dolorem.
Doloribus nihil laboriosam voluptatem natus facere et sequi.
Sed deserunt voluptatum deleniti dolores est nulla eum iste quibusdam.
Ullam possimus voluptas odit reiciendis.","375","15A","725","BHS","17","sint, et, qui, ut, natus"
"143","Odit cupiditate et qui quis ut ut temporibus vel.","Sunt voluptatum rerum ut animi maiores exercitationem natus.
Autem dolorem et.
Doloremque error expedita est dolores accusantium dolorem tempore est.
Perspiciatis nostrum unde explicabo eos accusantium mollitia soluta earum.
Dolorem illum quia reprehenderit eveniet corporis.","690","NC-17","693","MSR","21","et, accusantium, dolorem, rerum, nam"
"144","Laborum repudiandae et aliquid vitae in ipsam.","Ut ipsam nulla.
Ducimus provident est doloribus.","1584","TV-MA","726","CYP","3","ducimus, nostrum, pariatur, a, sit"
"145","Consequuntur ullam perferendis necessitatibus illum nam sed.","Accusamus vero velit rem necessitatibus facere quae et iste dolor.
Maiores ducimus et et dolores exercitationem.
Et dolorem numquam dolorem et vel sit reiciendis quo dolores.","1094","TV-PG","87","VEN","46","saepe, molestias, sunt, culpa, quibusdam"
"146","Aliquam eaque necessitatibus nesciunt dolores nihil vel non hic.","Ipsa pariatur molestiae eius soluta atque qui deserunt fugiat perspiciatis.
Tempore beatae non.
Nam et sit quae aut libero eveniet et delectus.","2081","X18","701","STP","9","ipsum, qui, quia, voluptatem, voluptatem"
"147","At rem ut est exercitationem temporibus repellat expedita.","Quisquam quae eius eaque.
A porro animi aut qui tempora.
Fugiat sed et quo et quis ducimus a est.
Qui provident nesciunt eligendi non.
Dolor corporis non quia velit suscipit.
Et doloribus laudantium aut.","1096","TV-14","408","GTM","2","inventore, ad, qui, beatae, veniam"
"148","Consectetur consequatur ut reprehenderit tenetur.","Aut reprehenderit in dolorem architecto suscipit quasi.
Qui molestiae saepe voluptatem et sunt.
Aut voluptatem sint dolores veniam ullam aspernatur.
Cum aut ut voluptates voluptatibus repudiandae voluptas voluptates et.
Saepe temporibus ducimus nihil qui soluta officiis quis occaecati facilis.","2040","TV-PG","752","FSM","35","consequatur, non, voluptatem, qui, sunt"
"149","Molestias hic dolore quaerat tempore.","Non culpa eveniet voluptatibus quas.
Quia nobis quo perferendis dolores et illo.
Nisi ut ut eius nisi earum asperiores qui.","575","12A","482","EGY","16","officia, aut, nostrum, animi, vero"
"150","Odio officia doloremque dolore.","Voluptas doloremque voluptatum.
Quidem est numquam nobis.
Et consequatur tempora nam aliquid minima necessitatibus.
Architecto ut omnis dolores consequatur aut.","1989","E10+","812","ROU","11","autem, incidunt, eveniet, sit, reprehenderit"
"151","Similique impedit accusamus fuga ex non eos velit sed.","Accusamus saepe velit eum consectetur unde quod.
Quos odit deleniti alias.
Doloremque a architecto explicabo.
Libero voluptas repellat tenetur quod voluptatem fugit.","1818","C","87","PRI","37","dignissimos, provident, ea, maxime, error"
"152","Voluptatum veniam inventore sed expedita earum in.","Repellat vero perferendis nihil.
Magnam rerum ipsam nemo ut.
Nihil qui deserunt sit.
Ea quae sint aliquid blanditiis molestiae.
Quia aperiam voluptate voluptas fugiat labore quos eligendi occaecati.","1130","NC-17","667","SXM","45","odio, saepe, suscipit, aperiam, incidunt"
"153","Aspernatur voluptatem sunt magnam voluptatum sint aut sequi maxime quos.","Voluptates corrupti quis.
Illo saepe nisi rerum unde et sed voluptas amet occaecati.","784","9","368","PRT","26","fuga, quia, reiciendis, dignissimos, molestiae"
"154","Similique ut deleniti quisquam quos et reiciendis qui fugiat.","Optio minus voluptatem et.
Magni maiores quod.
Qui voluptatem consequatur sunt rerum atque mollitia.
Voluptas quae ipsam ab.
Sunt modi sint qui animi non quisquam ut voluptas.
Voluptatem aliquid quod perspiciatis.","1733","GP","888","BGR","28","molestiae, fuga, sint, rerum, doloremque"
"155","Illo eum molestiae est minima consequuntur consequuntur ut tempore.","Excepturi enim odio nisi sit.
Iusto ut sed cumque.
Error accusamus quasi nam rem.
Consequatur fugiat fugiat nostrum cum eos ut.","1866","M/PG","415","LKA","20","inventore, animi, quasi, quisquam, tempora"
"156","Adipisci dolorem eligendi.","Voluptates incidunt eos et ut et dicta repellat minus.
Alias eligendi sit delectus itaque ducimus dolorem.
Ratione numquam facilis asperiores soluta ipsam sint doloribus modi rerum.
Laboriosam qui et possimus porro.
Ullam nemo veniam amet accusantium asperiores aut sit.
Sit quis aut vero corrupti facilis nobis esse modi.","1232","9","277","GLP","11","deserunt, voluptatem, excepturi, sed, earum"
"157","Maiores quaerat cumque sint soluta architecto voluptate voluptatem.","Quia provident reprehenderit atque esse non.
Voluptatem aliquam inventore est sequi nihil eveniet in repudiandae.
Quia eius harum vel eos et eum repellendus ex non.
Quibusdam itaque et nulla distinctio odit.
Ut quidem facilis facere fugiat aspernatur ut.
Ex distinctio placeat placeat.","929","12","170","REU","11","dicta, laborum, nemo, voluptate, dolorem"
"158","Veritatis enim temporibus non aut ut veniam.","Ea id cum aperiam fugiat harum et laborum.
Sit ut necessitatibus maxime et earum.
Dolorem ea est vitae eum enim molestiae officiis ut saepe.
Aut eos numquam nobis expedita.
Earum dolorem error.
Qui tempora officiis nemo non officia.","825","12","804","SLV","25","illum, est, eos, qui, aliquam"
"159","Voluptatibus in earum fuga maiores dolor deleniti.","Aliquid et dolor enim iure sint.
Ratione aut eum.
Neque dolorum quas blanditiis ducimus quia porro excepturi enim.
Molestiae alias dignissimos animi.
Hic totam ex officiis nostrum maiores dolore culpa quis totam.
Odio nobis ad qui quis et ut.","1087","G","808","STP","2","in, qui, quo, rem, numquam"
"160","Ratione error unde sit inventore.","Fuga delectus pariatur itaque harum facilis pariatur omnis mollitia enim.
Omnis nesciunt accusamus.","1664","M/PG","986","FRO","7","rerum, pariatur, dolor, itaque, at"
"161","Quae accusantium accusamus distinctio eius aperiam laborum.","Inventore ut ut soluta omnis.
Et quidem molestiae est qui quisquam.
Qui provident nam a delectus explicabo alias.
Iure delectus et omnis similique.","615","6","132","HUN","29","nesciunt, optio, deleniti, dolorem, sed"
"162","A non et culpa voluptatibus sequi et qui voluptatem.","Ratione soluta aut et adipisci aspernatur quas.
Repellendus assumenda voluptatem quo.
Culpa est id provident nobis quod itaque illum voluptatem.
Iure architecto voluptatem odio quibusdam ducimus quia qui.","225","TV-PG","870","SGS","49","aspernatur, eum, impedit, quasi, id"
"163","Repellendus dolorem quo.","Ipsam nemo minus repudiandae.
Optio cumque voluptatum odit cum dicta.
Quibusdam sed aliquam.
Et et vel labore et rerum fugiat.","2021","MA15+","597","USA","39","nostrum, expedita, ut, similique, dolore"
"164","Iusto repellat soluta omnis doloribus.","Totam modi sapiente consequatur voluptatibus.
Repellendus repudiandae nihil.
Illum autem labore sapiente et non.
Sint nobis explicabo ipsa omnis unde qui praesentium soluta.
Quis sint nostrum fugit omnis sed sunt perspiciatis.","1047","NC-17","986","USA","1","explicabo, sunt, aut, ut, quia"
"165","Corporis eum non enim praesentium.","Reprehenderit fugiat vitae ipsam ullam placeat voluptatem.
Molestiae voluptas unde.
Sed aliquam voluptatem.
Iste perferendis est dolor eos omnis quibusdam quaerat.
Saepe non quia animi iusto a perspiciatis laudantium est in.","826","AL","132","SAU","29","iure, ut, architecto, molestiae, corporis"
"166","Modi suscipit non id vel non et eligendi.","Et voluptas magnam impedit ex et ullam et.
Quis dolores nihil rerum.","1384","CA","879","DOM","34","non, eos, labore, beatae, est"
"167","Tenetur cum provident voluptatem nulla itaque.","Vitae eos voluptatem nobis unde totam blanditiis ipsa nisi voluptas.
Perferendis veritatis aut quae cum corrupti autem et sit.
Eaque ea ea.","338","PG","787","AND","50","similique, non, et, dolorem, eum"
"168","Facere eos rem eos ipsam fuga illo dolore voluptatem ipsam.","Rerum impedit harum consequatur.
Sunt tenetur asperiores.
Alias est consequatur illo.","1661","S","297","CYP","13","omnis, aspernatur, qui, officiis, voluptatibus"
"169","Vel est nam nobis.","Temporibus explicabo illo aut facilis pariatur.
Magnam qui vitae.
Sint laborum modi maiores vitae nihil.
Laudantium commodi magnam quaerat porro veritatis.
Assumenda eligendi aspernatur.","1440","TV-14","64","PCN","48","maxime, nihil, reiciendis, hic, pariatur"
"170","At rerum distinctio aspernatur.","Iure consequuntur eligendi sed assumenda nulla magnam eos distinctio.
Inventore voluptas nemo quo.
Eaque sunt sapiente consequuntur qui distinctio cum.
Aliquam ea doloremque assumenda impedit eum sunt eum similique.
Vel qui labore maiores ea et.","863","GP","592","MDV","48","qui, unde, in, quia, quidem"
"171","Perspiciatis aut corporis velit delectus perspiciatis autem deserunt aperiam voluptatibus.","Ratione aliquid dolor.
Vero laboriosam doloremque velit iusto velit dolorem exercitationem numquam quae.
Voluptatibus optio labore.","1269","15A","484","NLD","47","minima, est, rerum, illo, a"
"172","Reprehenderit minima voluptatem rerum totam aut labore adipisci accusantium corrupti.","Distinctio necessitatibus sapiente praesentium sed deserunt.
Autem cupiditate architecto molestiae quasi esse libero non ratione quia.","1148","PG-13","309","ITA","8","voluptatem, dolor, neque, eos, soluta"
"173","Illum molestias natus nesciunt aspernatur.","Explicabo nostrum ullam commodi minima.
Sint voluptatem sed dolor officia qui.
Veritatis molestiae rerum totam aut sed dolorem aperiam eum.","417","R18","677","TCD","32","consectetur, molestiae, placeat, accusantium, quos"
"174","Iusto excepturi molestiae.","Ab eos repellat nemo.
Earum atque aperiam quasi sapiente vero voluptatem porro.
Nihil rerum aut aut sequi recusandae.
Saepe cumque voluptatem ex totam fugit et voluptas voluptatem.","809","A","565","COD","47","omnis, laudantium, est, non, repellendus"
"175","Ut alias veritatis fuga.","Possimus alias velit distinctio libero.
Et possimus itaque accusantium ab et repellat ex.
Veniam assumenda voluptatum aut ea.
Maiores animi dolorum quidem saepe.
Laboriosam earum consequatur qui ratione libero consequuntur ea nostrum id.
Odit reiciendis voluptatem quis.","1950","12A","334","MDA","28","amet, tenetur, modi, nihil, ratione"
"176","Est atque itaque deserunt error vel nam.","Sapiente laudantium deleniti consequatur officia voluptatem.
Ut nihil praesentium.
Ducimus voluptatem minus.","2046","NC-17","876","THA","27","non, reprehenderit, aliquam, corrupti, amet"
"177","Veniam iusto est voluptas quasi.","Suscipit enim tempore autem consequatur a velit omnis voluptas.
A dicta facilis placeat accusamus et.
Ex nemo et molestias et et fuga dolor.
Consequatur nemo incidunt dicta quia sit laboriosam eos.","1522","U/A","513","BGR","13","ipsa, et, quo, quia, quo"
"178","Minima accusantium impedit eum consequuntur rerum.","Enim tempore nulla corrupti natus ipsa amet nihil.
Itaque quos qui nihil ipsam quo asperiores sint laboriosam.
Suscipit aut ullam porro distinctio amet accusamus.","607","TV-MA","895","GGY","32","qui, aut, est, quos, molestiae"
"179","Commodi occaecati beatae.","Possimus mollitia quos.
Sit ipsa repellat et earum necessitatibus sit odit ducimus minus.
Rerum eum qui.
Doloribus pariatur ullam.
Sit et nam omnis quas.
Asperiores quo dignissimos officia temporibus.","1457","R18+","321","SVK","49","voluptatibus, corrupti, corrupti, culpa, quia"
"180","Maiores saepe error blanditiis ea tempore rerum.","Omnis velit omnis.
Ut sapiente aut.
Ut voluptas veritatis voluptatem et animi.
Id est consequatur hic.
At et officiis repellendus nesciunt cupiditate cupiditate consequatur quaerat.
Veniam totam inventore quibusdam quia.","788","CA","21","NFK","22","assumenda, quos, voluptatibus, blanditiis, voluptatibus"
"181","Ea consequatur corporis ut.","Repudiandae nulla nisi debitis ducimus.
Perferendis laudantium qui laboriosam ullam dignissimos et aperiam.
Illum et sed ullam.
Qui cupiditate velit veniam optio placeat earum aperiam voluptates consectetur.","1600","PG-13","470","VUT","4","quidem, fuga, rerum, est, voluptas"
"182","Aut est magnam repellendus asperiores sunt aliquam dolorem earum reprehenderit.","Facilis ratione reiciendis ad velit consequuntur sed placeat qui sapiente.
Dolore sint et eum optio quaerat sapiente cupiditate est dolore.
Officiis natus veniam tempora voluptas sunt.
Vel dolores eius sunt rerum eum voluptatem enim sequi provident.
Aspernatur voluptas molestiae nulla dignissimos.","989","R21","656","GUF","42","maiores, voluptatem, qui, vero, voluptatem"
"183","Laudantium sit velit est totam.","Est sit enim dolorum qui temporibus.
Sapiente omnis quibusdam molestiae quo quo ut ratione eius nisi.","1080","M","475","TKL","28","quisquam, explicabo, repudiandae, iure, voluptas"
"184","Ut esse rerum facere aut cupiditate laboriosam quisquam numquam et.","Harum libero nulla error.
Autem vel architecto sapiente laboriosam accusamus facere tempora sint veniam.","332","R21","168","KNA","24","qui, ipsam, praesentium, earum, qui"
"185","Est mollitia aspernatur aspernatur repudiandae amet sed.","Quam aut et fugiat ut rerum atque esse accusamus eligendi.
Ut occaecati est ut dolore accusamus aperiam.
Consequatur est et.
Quisquam veniam accusamus nulla quia asperiores ab iste ducimus sunt.
Omnis officiis veritatis.
Quia nobis porro.","2100","M/PG","743","BIH","24","nesciunt, et, id, iusto, voluptatem"
"186","Porro illo voluptas quia est dolores.","Voluptatem inventore ut placeat aut qui quia blanditiis.
Occaecati voluptates sunt velit eum.","191","18","888","CAF","9","eos, pariatur, officiis, fugit, libero"
"187","Ut dolor aut temporibus quia aliquam necessitatibus id.","Cupiditate et repellendus aut ut optio perspiciatis rerum.
Nobis quam vel nulla laboriosam.
Delectus hic id non quia.","1015","E10+","562","GMB","6","vitae, id, neque, est, dolores"
"188","Beatae nam facere amet et.","Exercitationem qui eligendi.
Repellat libero autem nesciunt est.","369","TV-14","986","BLM","19","omnis, necessitatibus, a, aut, nulla"
"189","Minima id autem assumenda id repellat.","Repudiandae expedita ex alias voluptatem dolores quis rerum.
Odio debitis assumenda non cumque nisi quas ut quo earum.
Eius optio aut quis aspernatur molestias voluptas qui.
Et natus est.
Sed corrupti recusandae repellat et distinctio illo eligendi eos.
Excepturi harum voluptas eum sint sunt voluptatem modi maiores blanditiis.","1114","G","739","GMB","37","et, sapiente, tempore, quod, sed"
"190","Veniam qui mollitia quam sed provident est occaecati vel soluta.","Consequatur similique sapiente.
Deleniti rerum laboriosam sint in et tempora non suscipit.
Odit eum doloremque laboriosam quisquam.","1018","PG","76","CPV","42","aperiam, voluptatibus, dolorum, quas, numquam"
"191","Omnis est recusandae sit consectetur.","Quasi natus qui et fugit maiores quia.
Voluptas impedit voluptates nihil est.
Consectetur et voluptatem quo doloremque voluptate dolores ea.
Et excepturi sit provident dolorem.","1842","C","312","NGA","45","facilis, et, sit, cupiditate, et"
"192","Laborum tenetur consequatur perferendis.","Enim at enim ut recusandae.
Vel omnis quidem.","1980","9","885","ARE","41","dolorum, exercitationem, aut, in, minima"
"193","Delectus eaque est in delectus quas quod voluptatibus sed dignissimos.","Quas veritatis eveniet nobis error aut iusto eos aut.
Recusandae dolor quisquam nisi ipsum aut autem voluptatem et.
Sed animi laboriosam voluptatum ut.","1731","PG","135","KEN","38","corrupti, cumque, quam, rerum, fugit"
"194","Necessitatibus aspernatur dolore praesentium aut aut.","Odit in quis beatae eum magnam ipsum accusantium et.
Error fugiat suscipit optio quos quo perferendis assumenda modi voluptas.","768","MA15+","431","VCT","48","nisi, voluptatem, nemo, ut, est"
"195","Ab ut possimus exercitationem eum.","Officia neque quia id aspernatur.
Dignissimos esse mollitia voluptatem iste quia est ut doloremque.
Cumque aut in eveniet est ex nihil libero et.
Expedita quia vero dolore illum fuga.","1419","18","798","CHL","18","reprehenderit, provident, doloribus, dignissimos, porro"
"196","Quia ullam aut nisi itaque sit veniam quis.","Asperiores deserunt praesentium.
Dolorem omnis reprehenderit qui veniam.
Aut voluptates eveniet fuga maiores fuga sed.
Blanditiis et optio et.","1997","TV-14","147","VEN","35","sed, quia, vitae, sint, ducimus"
"197","Eos enim doloribus quia consequatur quidem eum nostrum animi ratione.","Et architecto aspernatur vero.
Ullam voluptatem quo.
Sit quidem incidunt officia.
Voluptates vero architecto id voluptatem.","527","PG-13","963","ESP","42","ut, impedit, sed, nobis, perspiciatis"
"198","Nulla exercitationem maxime fugiat veritatis saepe.","Aut ut ipsam debitis.
Non fugit corporis voluptas et architecto ut ut dolor commodi.
Possimus aut rerum non.","735","TV-Y7","407","TCA","31","sit, nihil, qui, minus, facere"
"199","Voluptatibus culpa voluptatem ipsum qui veniam exercitationem.","Aliquid minima nisi neque.
Rerum est et vel aliquid consequatur aut vel.
Necessitatibus ipsa consequatur sed veritatis libero officia velit omnis ut.
Aperiam aliquam dolores id molestias fuga dolorum voluptatibus est.","594","NC-17","638","TLS","27","quia, et, explicabo, saepe, tempore"
"200","Qui eveniet rerum sed mollitia reprehenderit.","Magni id harum rerum eaque hic totam voluptatem ad est.
Eum reiciendis dolores voluptas accusantium enim minima velit reprehenderit accusamus.
Sint quo at enim voluptate dolorem facere dolorum voluptas.
Impedit sint suscipit eaque voluptas reiciendis quae harum aut.
Voluptatum sit provident.
Sint repudiandae occaecati.","1984","18R","788","AUS","6","ea, eos, et, et, corrupti"
